file	line_id_prefix	file_offset	ram_start	ram_end	shape	items	item_structure	reader	purpose	glyphs
SCPS_100.88	exe@80029AFC	0x1A2FC	0x80029AFC	0x80029B1E	E	1	items end 0x8000 (0x8001 = newline inside)	ant_msg_open 0x80032030 -> dialog_open	ant-count message; code writes 3 digit glyphs into words 1-3	15
SCPS_100.88	exe@80029B20	0x1A320	0x80029B20	0x80029C40	L	22	every bit-15 word ends a line; indexed by line	help_draw 0x80035674 via help_line 0x800353F8 / 0x80035448 -> text_nth_line	controls help screen (3 pad types)	122
SCPS_100.88	exe@80036750	0x26F50	0x80036750	0x80036768	R	4	raw u16 glyphs, no control words, 4x3	fortune_draw 0x8003A7A4	fortune result, 4 results x 3 glyphs, drawn vertically	12
SCPS_100.88	exe@8003D2E0	0x2DAE0	0x8003D2E0	0x8003D5EE	L	57	every bit-15 word ends a line; indexed by line	sysname_draw 0x80037BA8 -> line_draw 0x800379EC	insect names (ids 0-56; ids 56-59 remap to 23/24/27/30, id 60 to 56)	334
SCPS_100.88	exe@8003D5F0	0x2DDF0	0x8003D5F0	0x8003D9BC	L	32	every bit-15 word ends a line; indexed by line	TITLE mc_msg_draw 0x8007CB54 / 0x8007CC4C via g_mc_msg 0x800814C0	memory-card and save/load messages	454
SCPS_100.88	exe@8003D9BC	0x2E1BC	0x8003D9BC	0x8003DA00	L	5	every bit-15 word ends a line; indexed by line	TITLE config_draw 0x8007FA94	config screen labels	29
SCPS_100.88	exe@8003DA00	0x2E200	0x8003DA00	0x8003DA4A	L	6	every bit-15 word ends a line; indexed by line	TITLE extras_draw 0x80080680, 0x800803D8	extras menu labels	31
SCPS_100.88	exe@8003DA4C	0x2E24C	0x8003DA4C	0x8003DA66	L	3	every bit-15 word ends a line; indexed by line	fish_name_draw 0x8003C5EC	fish names	10
SCPS_100.88	exe@80046158	0x36958	0x80046158	0x80046176	S	3	select: 3 lines each ended 0x8001, no 0x8000	select_open_ptr 0x8002D10C from 0x8003F1E4 and HHON 0x8007C988	insect cage: release?	12
SCPS_100.88	exe@80046178	0x36978	0x80046178	0x800461BA	S	3	select: 3 lines each ended 0x8001, no 0x8000	select_open_ptr from 0x8003F0B0	insect cage full	30
SCPS_100.88	exe@800461BC	0x369BC	0x800461BC	0x800461CA	S	2	select: 2 lines each ended 0x8001, no 0x8000	select_open_ptr from 0x8003F02C	insect cage select	5
SCPS_100.88	exe@800461CC	0x369CC	0x800461CC	0x80046214	E	8	items end 0x8000 (0x8001 = newline inside)	kite_list_draw 0x80041FE4 -> text_nth	kite names	28
SCPS_100.88	exe@80046214	0x36A14	0x80046214	0x800462C6	E	15	items end 0x8000 (0x8001 = newline inside)	bag_draw 0x800416E8 -> text_nth	item names	74
SCPS_100.88	exe@800462C8	0x36AC8	0x800462C8	0x800462E4	E	1	items end 0x8000 (0x8001 = newline inside)	fish_msg_draw 0x80043ED8 -> text_draw_h	fishing message 0	12
SCPS_100.88	exe@800462E4	0x36AE4	0x800462E4	0x80046312	E	1	items end 0x8000 (0x8001 = newline inside)	fish_msg_draw 0x80043ED8	fishing message 1	20
SCPS_100.88	exe@80046314	0x36B14	0x80046314	0x80046332	E	1	items end 0x8000 (0x8001 = newline inside)	fish_msg_draw 0x80043ED8	fishing message 2	13
SCPS_100.88	exe@80046334	0x36B34	0x80046334	0x80046362	E	1	items end 0x8000 (0x8001 = newline inside)	fish_msg_draw 0x80043ED8	fishing message 3	20
SCPS_100.88	exe@80046364	0x36B64	0x80046364	0x8004636C	S1	1	one line ended by a bit-15 word	fish_menu_draw 0x80043F5C -> text_draw	fishing menu word	3
SCPS_100.88	exe@8004636C	0x36B6C	0x8004636C	0x8004637A	S1	1	one line ended by a bit-15 word	fish_menu_draw 0x80043F5C	fishing menu word	6
SCPS_100.88	exe@8004637C	0x36B7C	0x8004637C	0x80046384	E	1	items end 0x8000 (0x8001 = newline inside)	fish_word_draw 0x80043FAC -> text_draw	fishing word 0	3
SCPS_100.88	exe@80046384	0x36B84	0x80046384	0x8004638E	E	1	items end 0x8000 (0x8001 = newline inside)	fish_word_draw 0x80043FAC	fishing word 1	4
SCPS_100.88	exe@80046390	0x36B90	0x80046390	0x80046398	E	1	items end 0x8000 (0x8001 = newline inside)	fish_word_draw 0x80043FAC	fishing word 2	3
SCPS_100.88	exe@80046398	0x36B98	0x80046398	0x80046612	E	13	items end 0x8000 (0x8001 = newline inside)	bag_draw 0x800416E8 -> text_nth, text_draw_h	item descriptions	278
SCPS_100.88	exe@80046614	0x36E14	0x80046614	0x80046972	E	19	items end 0x8000 (0x8001 = newline inside)	bag_draw 0x800416E8 (index from 0x80047E38[])	photo and morning-glory captions	376
HHON.OVL	hhon@5328	0x5328	0x8007ED30	0x8008027C	E	61	items end 0x8000 (0x8001 = newline inside)	hhon_page_draw 0x8007B410, 0x8007B598 -> text_nth -> hhon_entry_draw 0x8007C278 / 0x8007C220	insect book entries (60 = empty slot)	2384
HHON.OVL	hhon@6874	0x6874	0x8008027C	0x8008029A	S	3	select: 3 lines each ended 0x8001, no 0x8000	select_open_ptr from 0x8007D23C	insect book select	12
ZUKAN.OVL	zukan@32E8	0x32E8	0x8007CCF0	0x8007CD18	S	3	select: 3 lines each ended 0x8001, no 0x8000	select_open_ptr from 0x8007B07C	write the diary and sleep?	17
TAKO.OVL	tako@4	0x4	0x80079A0C	0x80079A2C	S	2	select: 2 lines each ended 0x8001, no 0x8000	select_open_ptr from 0x8007F55C	kite menu	14
TAKO.OVL	tako@440	0x440	0x80079E48	0x80079E50	R	1	raw u16 glyphs, no control words, 1x4	tako_crash_draw 0x8007C684 (copied to stack)	kite crash banner, 4 glyphs, vertical	3
MUSI.OVL	musi@4	0x4	0x80079A0C	0x80079A32	S	3	select: 3 lines each ended 0x8001, no 0x8000	select_open_ptr from 0x8007EF0C	release this insect?	16
MUSI.OVL	musi@2C	0x2C	0x80079A34	0x80079B7E	L	32	every bit-15 word ends a line; indexed by line	musi_move_draw 0x80084F64, 0x800850D8	bug-sumo move names	133
MUSI.OVL	musi@348	0x348	0x80079D50	0x80079D5E	R	1	raw u16 glyphs, no control words, 1x7	musi_hint_draw 0x8007C690	bug-sumo button hint, 7 glyphs	7
MUSI.OVL	musi@358	0x358	0x80079D60	0x80079D72	R	3	raw u16 glyphs, no control words, 3x3	musi_rank_draw 0x8007EDB0	bug-sumo strength labels, 3 x 3 cells (rows 0-1 use 2)	7
TITLE.OVL	title@7A78	0x7A78	0x80081480	0x8008148A	R	1	raw u16 glyphs, no control words, 1x5	mc_yesno_draw (in 0x8007CF7C)	yes / no, 2+3 glyphs	5
