id	category	text_kind	path	english_source	copies	where	w	h	notes
_DATA_M_FILES.BIN_M_H26100.BIN__002950	signage or label	pottery-workshop calligraphy banner	N	-	2	\_DATA\M_FILES.BIN\M_H26100.BIN;\_DATA\M_FILES.BIN\M_H26101.BIN	720	240	decorative proverb banner over the bench; calligraphy is calligraphy (charter)
_DATA_M_FILES.BIN_M_H26104.BIN__002940	signage or label	pottery-workshop calligraphy banner	N	-	2	\_DATA\M_FILES.BIN\M_H26104.BIN;\_DATA\M_FILES.BIN\M_H26105.BIN	720	240	decorative proverb banner over the bench; calligraphy is calligraphy (charter)
_DATA_M_FILES.BIN_M_H26108.BIN__002950	signage or label	pottery-workshop calligraphy banner	N	-	1	\_DATA\M_FILES.BIN\M_H26108.BIN	720	240	decorative proverb banner over the bench; calligraphy is calligraphy (charter)
_DATA_M_FILES.BIN_M_H26109.BIN__002940	signage or label	pottery-workshop calligraphy banner	N	-	1	\_DATA\M_FILES.BIN\M_H26109.BIN	646	256	decorative proverb banner over the bench; calligraphy is calligraphy (charter)
_DATA_M_FILES.BIN_M_G14003.BIN__002e34	signage or label	scenery signage	N	-	1	\_DATA\M_FILES.BIN\M_G14003.BIN	640	256	census maybe RESOLVED by re-look: study-room chart, shop signboard, attic papers, door plate, refrigerator packaging -- all sub-glyph-size scenery. A shop sign is a shop sign (charter); none is read by the player
_DATA_M_FILES.BIN_M_G14000.BIN__002d38	signage or label	scenery signage	N	-	2	\_DATA\M_FILES.BIN\M_G14000.BIN;\_DATA\M_FILES.BIN\M_G14002.BIN	632	256	census maybe RESOLVED by re-look: study-room chart, shop signboard, attic papers, door plate, refrigerator packaging -- all sub-glyph-size scenery. A shop sign is a shop sign (charter); none is read by the player
_DATA_M_FILES.BIN_M_H06200.BIN__003890	signage or label	scenery signage	N	-	1	\_DATA\M_FILES.BIN\M_H06200.BIN	616	256	census maybe RESOLVED by re-look: study-room chart, shop signboard, attic papers, door plate, refrigerator packaging -- all sub-glyph-size scenery. A shop sign is a shop sign (charter); none is read by the player
_DATA_M_FILES.BIN_M_H06202.BIN__003af0	signage or label	scenery signage	N	-	1	\_DATA\M_FILES.BIN\M_H06202.BIN	616	256	census maybe RESOLVED by re-look: study-room chart, shop signboard, attic papers, door plate, refrigerator packaging -- all sub-glyph-size scenery. A shop sign is a shop sign (charter); none is read by the player
_DATA_M_FILES.BIN_M_I25000.BIN__0003e4	signage or label	scenery signage	N	-	1	\_DATA\M_FILES.BIN\M_I25000.BIN	640	240	census maybe RESOLVED by re-look: study-room chart, shop signboard, attic papers, door plate, refrigerator packaging -- all sub-glyph-size scenery. A shop sign is a shop sign (charter); none is read by the player
_DATA_M_FILES.BIN_M_I06000.BIN__000af4	signage or label	syrup-bottle label	N	-	1	\_DATA\M_FILES.BIN\M_I06000.BIN	588	248	two kana on a shaved-ice syrup bottle; packaging is packaging (charter)
_DATA_M_FILES.BIN_M_I06001.BIN__000af4	signage or label	syrup-bottle label	N	-	1	\_DATA\M_FILES.BIN\M_I06001.BIN	588	248	two kana on a shaved-ice syrup bottle; packaging is packaging (charter)
_DATA_M_FILES.BIN_M_I06002.BIN__000af4	signage or label	syrup-bottle label	N	-	1	\_DATA\M_FILES.BIN\M_I06002.BIN	588	248	two kana on a shaved-ice syrup bottle; packaging is packaging (charter)
_DATA_M_FILES.BIN_M_I06003.BIN__000af4	signage or label	syrup-bottle label	N	-	1	\_DATA\M_FILES.BIN\M_I06003.BIN	588	248	two kana on a shaved-ice syrup bottle; packaging is packaging (charter)
_DATA_M_FILES.BIN_M_I06004.BIN__000af4	signage or label	syrup-bottle label	N	-	1	\_DATA\M_FILES.BIN\M_I06004.BIN	588	248	two kana on a shaved-ice syrup bottle; packaging is packaging (charter)
_DATA_T_MEMORY.BIN__00d634	title/menu/UI art	'summer memories' album heading plate	P	new (1 line)	1	\_DATA\T_MEMORY.BIN	640	202	flat pale plate with outlined type; the filmstrip thumbnails beside it are illegible miniatures of the diary/collection pages and stay as they are. The album's MENU labels are renderer output already patched by TXT-05 (exe@8003DA00)
_DATA_M_FILES.BIN_M_C15000.BIN__00305c	signage or label	beach notice board about high tides and swimming	P	new (2 lines)	1	\_DATA\M_FILES.BIN\M_C15000.BIN	490	252	frontal dark-wood board in the corner of both map variants' background atlas; the white type is painted out along the grain and the English painted in 2x (research/texture-recipes.md M_C15)
_DATA_M_FILES.BIN_M_C15100.BIN__00305c	signage or label	beach notice board about high tides and swimming	P	new (2 lines)	1	\_DATA\M_FILES.BIN\M_C15100.BIN	490	252	frontal dark-wood board in the corner of both map variants' background atlas; the white type is painted out along the grain and the English painted in 2x (research/texture-recipes.md M_C15)
_DATA_M_FILES.BIN_M_I31000.BIN__000f48	signage or label	scenery signage	N	-	1	\_DATA\M_FILES.BIN\M_I31000.BIN	488	240	census maybe RESOLVED by re-look: study-room chart, shop signboard, attic papers, door plate, refrigerator packaging -- all sub-glyph-size scenery. A shop sign is a shop sign (charter); none is read by the player
_DATA_M_FILES.BIN_M_G08200.BIN__002a78	signage or label	hanging scroll, four characters of calligraphy	N	-	1	\_DATA\M_FILES.BIN\M_G08200.BIN	418	256	the scroll is the art object; calligraphy is calligraphy (charter)
_DATA_SUB.BIN__002050	title/menu/UI art	action-button ovals (back / look / net / ...) and UI plates	P	new (~12 button words)	2	\_DATA\SUB.BIN;\_DATA\SUB.TIM	382	256	flat oval buttons on a multi-CLUT atlas; blank the oval, re-typeset. Carry the per-region CLUT assignment (textures.md caveat). Not touched by TXT-05
_DATA_T_CONFIG.BIN__000014	title/menu/UI art	settings value plates: voice only / voice+subtitles, mono / stereo, on / off	P	new (~6 plates)	1	\_DATA\T_CONFIG.BIN	384	240	flat plates on a UI atlas. TXT-05 patches the settings LABELS (exe@8003D9BC.0-.4, config_draw) but the value panel is texture
_DATA_M_FILES.BIN_M_I19000.BIN__00058c	signage or label	model-aeroplane kit box: scale + product name (spec line already Latin)	N	-	1	\_DATA\M_FILES.BIN\M_I19000.BIN	376	244	close-up screen; flat frontal box face, printed type. Stays Japanese: the narrator says what it is (Jay, 2026-09-22)
_DATA_M_S01000.BIN__017d24	title/menu/UI art	'bug swap notebook' cover, marker lettering on a spiral notepad	R	new (2 lines)	1	\_DATA\M_S01000.BIN	382	240	census maybe RESOLVED at CLUT 3: legible hand-lettered marker on a tan notepad in the insect-cage close-up. Marker style, so not a glyph typeset
_DATA_M_S01100.BIN__000014	title/menu/UI art	action-button ovals (back / look / net / ...) and UI plates	P	new (~12 button words)	1	\_DATA\M_S01100.BIN	376	240	flat oval buttons on a multi-CLUT atlas; blank the oval, re-typeset. Carry the per-region CLUT assignment (textures.md caveat). Not touched by TXT-05
_DATA_M_S02000.BIN__000024	title/menu/UI art	action-button ovals (back / look / net / ...) and UI plates	P	new (~12 button words)	1	\_DATA\M_S02000.BIN	376	240	flat oval buttons on a multi-CLUT atlas; blank the oval, re-typeset. Carry the per-region CLUT assignment (textures.md caveat). Not touched by TXT-05
_DATA_M_S01100.BIN__0164b4	title/menu/UI art	action-button ovals (back / look / net / ...) and UI plates	P	new (~12 button words)	1	\_DATA\M_S01100.BIN	348	256	flat oval buttons on a multi-CLUT atlas; blank the oval, re-typeset. Carry the per-region CLUT assignment (textures.md caveat). Not touched by TXT-05
_DATA_T_CONFIG.BIN__017234	title/menu/UI art	settings value plates: voice only / voice+subtitles, mono / stereo, on / off	P	new (~6 plates)	1	\_DATA\T_CONFIG.BIN	384	228	flat plates on a UI atlas. TXT-05 patches the settings LABELS (exe@8003D9BC.0-.4, config_draw) but the value panel is texture
_DATA_MZ00.BIN__000350	title/menu/UI art	action-button ovals (back / look / net / ...) and UI plates	P	new (~12 button words)	1	\_DATA\MZ00.BIN	364	240	flat oval buttons on a multi-CLUT atlas; blank the oval, re-typeset. Carry the per-region CLUT assignment (textures.md caveat). Not touched by TXT-05
_DATA_SAMP.BIN__014e48	title/menu/UI art	action-button ovals (back / look / net / ...) and UI plates	P	new (~12 button words)	1	\_DATA\SAMP.BIN	384	224	flat oval buttons on a multi-CLUT atlas; blank the oval, re-typeset. Carry the per-region CLUT assignment (textures.md caveat). Not touched by TXT-05
_DATA_M_S02000.BIN__016cc4	title/menu/UI art	action-button ovals (back / look / net / ...) and UI plates	P	new (~12 button words)	1	\_DATA\M_S02000.BIN	352	240	flat oval buttons on a multi-CLUT atlas; blank the oval, re-typeset. Carry the per-region CLUT assignment (textures.md caveat). Not touched by TXT-05
_DATA_MZ02.BIN__000000	title/menu/UI art	action-button ovals (back / look / net / ...) and UI plates	P	new (~12 button words)	2	\_DATA\MZ02.BIN;\_DATA\SAMP.BIN	380	216	flat oval buttons on a multi-CLUT atlas; blank the oval, re-typeset. Carry the per-region CLUT assignment (textures.md caveat). Not touched by TXT-05
_DATA_DOPA1.BIN__00006c	insect/fish/item book	book cover type (diary / rare-insect encyclopedia / kite book) + author-photographer line	R	new (3 cover titles + 1 credit line)	2	\_DATA\DOPA1.BIN;\_DATA\Z_A01.BIN	320	240	stylised cover type over painted artwork, several frames at an angle in perspective; the same 3 covers must be redrawn consistently across all frames of each animation
_DATA_DOPA2.BIN__0000a8	insect/fish/item book	book cover type (diary / rare-insect encyclopedia / kite book) + author-photographer line	R	new (3 cover titles + 1 credit line)	2	\_DATA\DOPA2.BIN;\_DATA\Z_A02.BIN	320	240	stylised cover type over painted artwork, several frames at an angle in perspective; the same 3 covers must be redrawn consistently across all frames of each animation
_DATA_DOPA3.BIN__0000e4	insect/fish/item book	book cover type (diary / rare-insect encyclopedia / kite book) + author-photographer line	R	new (3 cover titles + 1 credit line)	2	\_DATA\DOPA3.BIN;\_DATA\Z_A03.BIN	320	240	stylised cover type over painted artwork, several frames at an angle in perspective; the same 3 covers must be redrawn consistently across all frames of each animation
_DATA_DOPN1.BIN__000078	insect/fish/item book	book cover type (diary / rare-insect encyclopedia / kite book) + author-photographer line	R	new (3 cover titles + 1 credit line)	2	\_DATA\DOPN1.BIN;\_DATA\Z_N01.BIN	320	240	stylised cover type over painted artwork, several frames at an angle in perspective; the same 3 covers must be redrawn consistently across all frames of each animation
_DATA_DOPN3.BIN__0000d8	insect/fish/item book	book cover type (diary / rare-insect encyclopedia / kite book) + author-photographer line	R	new (3 cover titles + 1 credit line)	1	\_DATA\DOPN3.BIN	320	240	stylised cover type over painted artwork, several frames at an angle in perspective; the same 3 covers must be redrawn consistently across all frames of each animation
_DATA_MOPA1.BIN__00006c	insect/fish/item book	book cover type (diary / rare-insect encyclopedia / kite book) + author-photographer line	R	new (3 cover titles + 1 credit line)	1	\_DATA\MOPA1.BIN	320	240	stylised cover type over painted artwork, several frames at an angle in perspective; the same 3 covers must be redrawn consistently across all frames of each animation
_DATA_MOPA2.BIN__0000c0	insect/fish/item book	book cover type (diary / rare-insect encyclopedia / kite book) + author-photographer line	R	new (3 cover titles + 1 credit line)	1	\_DATA\MOPA2.BIN	320	240	stylised cover type over painted artwork, several frames at an angle in perspective; the same 3 covers must be redrawn consistently across all frames of each animation
_DATA_MOPA3.BIN__0000d8	insect/fish/item book	book cover type (diary / rare-insect encyclopedia / kite book) + author-photographer line	R	new (3 cover titles + 1 credit line)	1	\_DATA\MOPA3.BIN	320	240	stylised cover type over painted artwork, several frames at an angle in perspective; the same 3 covers must be redrawn consistently across all frames of each animation
_DATA_MOPN1.BIN__000078	insect/fish/item book	book cover type (diary / rare-insect encyclopedia / kite book) + author-photographer line	R	new (3 cover titles + 1 credit line)	1	\_DATA\MOPN1.BIN	320	240	stylised cover type over painted artwork, several frames at an angle in perspective; the same 3 covers must be redrawn consistently across all frames of each animation
_DATA_MOPN2.BIN__0000cc	insect/fish/item book	book cover type (diary / rare-insect encyclopedia / kite book) + author-photographer line	R	new (3 cover titles + 1 credit line)	1	\_DATA\MOPN2.BIN	320	240	stylised cover type over painted artwork, several frames at an angle in perspective; the same 3 covers must be redrawn consistently across all frames of each animation
_DATA_MOPN3.BIN__0000e4	insect/fish/item book	book cover type (diary / rare-insect encyclopedia / kite book) + author-photographer line	R	new (3 cover titles + 1 credit line)	1	\_DATA\MOPN3.BIN	320	240	stylised cover type over painted artwork, several frames at an angle in perspective; the same 3 covers must be redrawn consistently across all frames of each animation
_DATA_MZ_A01.BIN__00006c	insect/fish/item book	book cover type (diary / rare-insect encyclopedia / kite book) + author-photographer line	R	new (3 cover titles + 1 credit line)	3	\_DATA\MZ_A01.BIN;\_DATA\MZ_N01.BIN;\_DATA\MZ_N08.BIN	320	240	stylised cover type over painted artwork, several frames at an angle in perspective; the same 3 covers must be redrawn consistently across all frames of each animation
_DATA_M_FILES.BIN_M_I13000.BIN__0008f4	calendar/clock	printed sheet pinned beside the calendar	N	-	1	\_DATA\M_FILES.BIN\M_I13000.BIN	320	240	the calendar face itself is already Latin (AUGUST / SUN..SAT / numerals); the only Japanese is an illegible form pinned to its left
_DATA_M_FILES.BIN_M_I14000.BIN__000214	signage or label	Saori's farewell note: 4 vertical columns incl. the signature	P	new (a note and a signature); not in the script -- scene E2860 has 0 messages	1	\_DATA\M_FILES.BIN\M_I14000.BIN	320	240	spiral notepad on a log, close-up screen I14 from day 28 (E2860, cond day>27 & flag[96]>0). The page is flat but turned and foreshortened: the Japanese is refilled along the page's own rules and the English written on them through the page's plane (Jay, 2026-09-24; research/texture-recipes.md M_I14000)
_DATA_M_FILES.BIN_M_I15000.BIN__000388	signage or label	superhero poster title	N	-	1	\_DATA\M_FILES.BIN\M_I15000.BIN	320	240	katakana hero name on a poster in the boy's room; a poster is a poster (charter)
_DATA_M_FILES.BIN_M_I16200.BIN__0003ec	signage or label	scenery signage	N	-	1	\_DATA\M_FILES.BIN\M_I16200.BIN	320	240	census maybe RESOLVED by re-look: study-room chart, shop signboard, attic papers, door plate, refrigerator packaging -- all sub-glyph-size scenery. A shop sign is a shop sign (charter); none is read by the player
_DATA_M_FILES.BIN_M_I18000.BIN__000450	signage or label	hand-lettered keep-out sign	R	new (1 line)	2	\_DATA\M_FILES.BIN\M_I18000.BIN;\_DATA\M_FILES.BIN\M_I18001.BIN	320	240	close-up screen; flat white panda-shaped panel, frontal, marker lettering
_DATA_M_FILES.BIN_M_I21000.BIN__000544	signage or label	scenery signage	N	-	1	\_DATA\M_FILES.BIN\M_I21000.BIN	320	240	census maybe RESOLVED by re-look: study-room chart, shop signboard, attic papers, door plate, refrigerator packaging -- all sub-glyph-size scenery. A shop sign is a shop sign (charter); none is read by the player
_DATA_M_FILES.BIN_M_I21020.BIN__000544	signage or label	scenery signage	N	-	1	\_DATA\M_FILES.BIN\M_I21020.BIN	320	240	census maybe RESOLVED by re-look: study-room chart, shop signboard, attic papers, door plate, refrigerator packaging -- all sub-glyph-size scenery. A shop sign is a shop sign (charter); none is read by the player
_DATA_M_FILES.BIN_M_I23000.BIN__000354	signage or label	hunting-association warning board: alarm word, 2 painted lines, association name	R	new (4 short strings)	1	\_DATA\M_FILES.BIN\M_I23000.BIN	320	240	close-up screen; board is frontal and near-flat but hand-painted and weathered
_DATA_TOPA1.BIN__000060	insect/fish/item book	book cover type (diary / rare-insect encyclopedia / kite book) + author-photographer line	R	new (3 cover titles + 1 credit line)	1	\_DATA\TOPA1.BIN	320	240	stylised cover type over painted artwork, several frames at an angle in perspective; the same 3 covers must be redrawn consistently across all frames of each animation
_DATA_TOPA2.BIN__0000b4	insect/fish/item book	book cover type (diary / rare-insect encyclopedia / kite book) + author-photographer line	R	new (3 cover titles + 1 credit line)	1	\_DATA\TOPA2.BIN	320	240	stylised cover type over painted artwork, several frames at an angle in perspective; the same 3 covers must be redrawn consistently across all frames of each animation
_DATA_TOPA3.BIN__0000c0	insect/fish/item book	book cover type (diary / rare-insect encyclopedia / kite book) + author-photographer line	R	new (3 cover titles + 1 credit line)	1	\_DATA\TOPA3.BIN	320	240	stylised cover type over painted artwork, several frames at an angle in perspective; the same 3 covers must be redrawn consistently across all frames of each animation
_DATA_TOPN1.BIN__000060	insect/fish/item book	book cover type (diary / rare-insect encyclopedia / kite book) + author-photographer line	R	new (3 cover titles + 1 credit line)	1	\_DATA\TOPN1.BIN	320	240	stylised cover type over painted artwork, several frames at an angle in perspective; the same 3 covers must be redrawn consistently across all frames of each animation
_DATA_TOPN2.BIN__0000b4	insect/fish/item book	book cover type (diary / rare-insect encyclopedia / kite book) + author-photographer line	R	new (3 cover titles + 1 credit line)	1	\_DATA\TOPN2.BIN	320	240	stylised cover type over painted artwork, several frames at an angle in perspective; the same 3 covers must be redrawn consistently across all frames of each animation
_DATA_TOPN3.BIN__0000f0	insect/fish/item book	book cover type (diary / rare-insect encyclopedia / kite book) + author-photographer line	R	new (3 cover titles + 1 credit line)	1	\_DATA\TOPN3.BIN	320	240	stylised cover type over painted artwork, several frames at an angle in perspective; the same 3 covers must be redrawn consistently across all frames of each animation
_DATA_Z_N02.BIN__0000d8	insect/fish/item book	book cover type (diary / rare-insect encyclopedia / kite book) + author-photographer line	R	new (3 cover titles + 1 credit line)	1	\_DATA\Z_N02.BIN	320	240	stylised cover type over painted artwork, several frames at an angle in perspective; the same 3 covers must be redrawn consistently across all frames of each animation
_DATA_Z_N03.BIN__0000d8	insect/fish/item book	book cover type (diary / rare-insect encyclopedia / kite book) + author-photographer line	R	new (3 cover titles + 1 credit line)	1	\_DATA\Z_N03.BIN	320	240	stylised cover type over painted artwork, several frames at an angle in perspective; the same 3 covers must be redrawn consistently across all frames of each animation
_DATA_FS_WAL.BIN__0000d8	title/menu/UI art	record-screen field labels (size / average / largest / count) and bait and tackle names	P	new (~6 labels + the bait/tackle list)	1	\_DATA\FS_WAL.BIN	304	250	flat pale plates and plain type; renders faint at CLUT 0. Not touched by TXT-05
_DATA_M_S01001.BIN__000014	title/menu/UI art	none	N	-	1	\_DATA\M_S01001.BIN	360	190	census maybe RESOLVED: the only word is Latin 'PLAYTIME'; the row above it is its ~6 px anti-alias/shadow plane, too short to hold a 12x12 glyph
_DATA_DOPN2.BIN__0000cc	insect/fish/item book	book cover type (diary / rare-insect encyclopedia / kite book) + author-photographer line	R	new (3 cover titles + 1 credit line)	1	\_DATA\DOPN2.BIN	272	240	stylised cover type over painted artwork, several frames at an angle in perspective; the same 3 covers must be redrawn consistently across all frames of each animation
_DATA_PK_WAL.BIN__0000e4	title/menu/UI art	record-screen field labels (size / average / largest / count) and bait and tackle names	P	new (~6 labels + the bait/tackle list)	1	\_DATA\PK_WAL.BIN	240	240	flat pale plates and plain type; renders faint at CLUT 0. Not touched by TXT-05
_DATA_TBG00.BIN__00001c	title/menu/UI art	none	N	-	1	\_DATA\TBG00.BIN	240	240	census maybe RESOLVED at CLUT 0: the kite HUD atlas is kite thumbnails plus '1234567890', m, s, m/s, a compass rose and a wind vane -- all Latin/numeral
_DATA_TBG01.BIN__00001c	title/menu/UI art	none	N	-	1	\_DATA\TBG01.BIN	240	240	census maybe RESOLVED at CLUT 0: the kite HUD atlas is kite thumbnails plus '1234567890', m, s, m/s, a compass rose and a wind vane -- all Latin/numeral
_DATA_TK_WAL.BIN__00009c	title/menu/UI art	record-screen field labels (size / average / largest / count) and bait and tackle names	P	new (~6 labels + the bait/tackle list)	1	\_DATA\TK_WAL.BIN	240	240	flat pale plates and plain type; renders faint at CLUT 0. Not touched by TXT-05
_DATA_ONMEM.BIN__004aa0	font/glyph sheet	the glyph sheet itself	N	-	1	\_DATA\ONMEM.BIN	252	224	not a texture to translate: it is the font. Owned by the font/VWF work (research/font.md, research/vwf-prototype.md), not by GFX-03
_DATA_T_MEMORY.BIN__000014	title/menu/UI art	'summer memories' album heading plate	P	new (1 line)	1	\_DATA\T_MEMORY.BIN	224	240	flat pale plate with outlined type; the filmstrip thumbnails beside it are illegible miniatures of the diary/collection pages and stay as they are. The album's MENU labels are renderer output already patched by TXT-05 (exe@8003DA00)
_DATA_T_TITLE.BIN__000014	title/menu/UI art	title menu: new game / continue / summer memories / settings	P	new (4 lines)	1	\_DATA\T_TITLE.BIN	248	198	transparent ground, outlined type with a drop shadow -- clear and re-typeset with an outline pass. PRESS START BUTTON and the copyright line are already Latin. NOT touched by TXT-05: no TITLE.OVL walker draws this menu
_DATA_MZKAN0.BIN__00004c	insect/fish/item book	insect spread: name + family + wingspan + food, then a body paragraph	P	new; species name from glossary s4a; every field is pixels (GFX-05: hhon@5328 is the insect box's own screen)	1	\_DATA\MZKAN0.BIN	252	188	flat white page right of the photo panel; horizontal header block over a green rule, vertical body columns below. One layout; MZKAN0 and MZKAN1 are the same 9 spreads lit for night and day, so each English page is written to both; blank the white page only
_DATA_MZKAN0.BIN__00bb7c	insect/fish/item book	insect spread: name + family + wingspan + food, then a body paragraph	P	new; species name from glossary s4a; every field is pixels (GFX-05: hhon@5328 is the insect box's own screen)	1	\_DATA\MZKAN0.BIN	252	188	flat white page right of the photo panel; horizontal header block over a green rule, vertical body columns below. One layout; MZKAN0 and MZKAN1 are the same 9 spreads lit for night and day, so each English page is written to both; blank the white page only
_DATA_MZKAN0.BIN__0176ac	insect/fish/item book	insect spread: name + family + wingspan + food, then a body paragraph	P	new; species name from glossary s4a; every field is pixels (GFX-05: hhon@5328 is the insect box's own screen)	1	\_DATA\MZKAN0.BIN	252	188	flat white page right of the photo panel; horizontal header block over a green rule, vertical body columns below. One layout; MZKAN0 and MZKAN1 are the same 9 spreads lit for night and day, so each English page is written to both; blank the white page only
_DATA_MZKAN0.BIN__0231dc	insect/fish/item book	insect spread: name + family + wingspan + food, then a body paragraph	P	new; species name from glossary s4a; every field is pixels (GFX-05: hhon@5328 is the insect box's own screen)	1	\_DATA\MZKAN0.BIN	252	188	flat white page right of the photo panel; horizontal header block over a green rule, vertical body columns below. One layout; MZKAN0 and MZKAN1 are the same 9 spreads lit for night and day, so each English page is written to both; blank the white page only
_DATA_MZKAN0.BIN__02ed0c	insect/fish/item book	insect spread: name + family + wingspan + food, then a body paragraph	P	new; species name from glossary s4a; every field is pixels (GFX-05: hhon@5328 is the insect box's own screen)	1	\_DATA\MZKAN0.BIN	252	188	flat white page right of the photo panel; horizontal header block over a green rule, vertical body columns below. One layout; MZKAN0 and MZKAN1 are the same 9 spreads lit for night and day, so each English page is written to both; blank the white page only
_DATA_MZKAN0.BIN__03a83c	insect/fish/item book	insect spread: name + family + wingspan + food, then a body paragraph	P	new; species name from glossary s4a; every field is pixels (GFX-05: hhon@5328 is the insect box's own screen)	1	\_DATA\MZKAN0.BIN	252	188	flat white page right of the photo panel; horizontal header block over a green rule, vertical body columns below. One layout; MZKAN0 and MZKAN1 are the same 9 spreads lit for night and day, so each English page is written to both; blank the white page only
_DATA_MZKAN0.BIN__04636c	insect/fish/item book	insect spread: name + family + wingspan + food, then a body paragraph	P	new; species name from glossary s4a; every field is pixels (GFX-05: hhon@5328 is the insect box's own screen)	1	\_DATA\MZKAN0.BIN	252	188	flat white page right of the photo panel; horizontal header block over a green rule, vertical body columns below. One layout; MZKAN0 and MZKAN1 are the same 9 spreads lit for night and day, so each English page is written to both; blank the white page only
_DATA_MZKAN0.BIN__051e9c	insect/fish/item book	insect spread: name + family + wingspan + food, then a body paragraph	P	new; species name from glossary s4a; every field is pixels (GFX-05: hhon@5328 is the insect box's own screen)	1	\_DATA\MZKAN0.BIN	252	188	flat white page right of the photo panel; horizontal header block over a green rule, vertical body columns below. One layout; MZKAN0 and MZKAN1 are the same 9 spreads lit for night and day, so each English page is written to both; blank the white page only
_DATA_MZKAN0.BIN__05d9cc	insect/fish/item book	insect spread: name + family + wingspan + food, then a body paragraph	P	new; species name from glossary s4a; every field is pixels (GFX-05: hhon@5328 is the insect box's own screen)	1	\_DATA\MZKAN0.BIN	252	188	flat white page right of the photo panel; horizontal header block over a green rule, vertical body columns below. One layout; MZKAN0 and MZKAN1 are the same 9 spreads lit for night and day, so each English page is written to both; blank the white page only
_DATA_MZKAN1.BIN__00004c	insect/fish/item book	insect spread: name + family + wingspan + food, then a body paragraph	P	new; species name from glossary s4a; every field is pixels (GFX-05: hhon@5328 is the insect box's own screen)	1	\_DATA\MZKAN1.BIN	252	188	flat white page right of the photo panel; horizontal header block over a green rule, vertical body columns below. One layout; MZKAN0 and MZKAN1 are the same 9 spreads lit for night and day, so each English page is written to both; blank the white page only
_DATA_MZKAN1.BIN__00bb7c	insect/fish/item book	insect spread: name + family + wingspan + food, then a body paragraph	P	new; species name from glossary s4a; every field is pixels (GFX-05: hhon@5328 is the insect box's own screen)	1	\_DATA\MZKAN1.BIN	252	188	flat white page right of the photo panel; horizontal header block over a green rule, vertical body columns below. One layout; MZKAN0 and MZKAN1 are the same 9 spreads lit for night and day, so each English page is written to both; blank the white page only
_DATA_MZKAN1.BIN__0176ac	insect/fish/item book	insect spread: name + family + wingspan + food, then a body paragraph	P	new; species name from glossary s4a; every field is pixels (GFX-05: hhon@5328 is the insect box's own screen)	1	\_DATA\MZKAN1.BIN	252	188	flat white page right of the photo panel; horizontal header block over a green rule, vertical body columns below. One layout; MZKAN0 and MZKAN1 are the same 9 spreads lit for night and day, so each English page is written to both; blank the white page only
_DATA_MZKAN1.BIN__0231dc	insect/fish/item book	insect spread: name + family + wingspan + food, then a body paragraph	P	new; species name from glossary s4a; every field is pixels (GFX-05: hhon@5328 is the insect box's own screen)	1	\_DATA\MZKAN1.BIN	252	188	flat white page right of the photo panel; horizontal header block over a green rule, vertical body columns below. One layout; MZKAN0 and MZKAN1 are the same 9 spreads lit for night and day, so each English page is written to both; blank the white page only
_DATA_MZKAN1.BIN__02ed0c	insect/fish/item book	insect spread: name + family + wingspan + food, then a body paragraph	P	new; species name from glossary s4a; every field is pixels (GFX-05: hhon@5328 is the insect box's own screen)	1	\_DATA\MZKAN1.BIN	252	188	flat white page right of the photo panel; horizontal header block over a green rule, vertical body columns below. One layout; MZKAN0 and MZKAN1 are the same 9 spreads lit for night and day, so each English page is written to both; blank the white page only
_DATA_MZKAN1.BIN__03a83c	insect/fish/item book	insect spread: name + family + wingspan + food, then a body paragraph	P	new; species name from glossary s4a; every field is pixels (GFX-05: hhon@5328 is the insect box's own screen)	1	\_DATA\MZKAN1.BIN	252	188	flat white page right of the photo panel; horizontal header block over a green rule, vertical body columns below. One layout; MZKAN0 and MZKAN1 are the same 9 spreads lit for night and day, so each English page is written to both; blank the white page only
_DATA_MZKAN1.BIN__04636c	insect/fish/item book	insect spread: name + family + wingspan + food, then a body paragraph	P	new; species name from glossary s4a; every field is pixels (GFX-05: hhon@5328 is the insect box's own screen)	1	\_DATA\MZKAN1.BIN	252	188	flat white page right of the photo panel; horizontal header block over a green rule, vertical body columns below. One layout; MZKAN0 and MZKAN1 are the same 9 spreads lit for night and day, so each English page is written to both; blank the white page only
_DATA_MZKAN1.BIN__051e9c	insect/fish/item book	insect spread: name + family + wingspan + food, then a body paragraph	P	new; species name from glossary s4a; every field is pixels (GFX-05: hhon@5328 is the insect box's own screen)	1	\_DATA\MZKAN1.BIN	252	188	flat white page right of the photo panel; horizontal header block over a green rule, vertical body columns below. One layout; MZKAN0 and MZKAN1 are the same 9 spreads lit for night and day, so each English page is written to both; blank the white page only
_DATA_MZKAN1.BIN__05d9cc	insect/fish/item book	insect spread: name + family + wingspan + food, then a body paragraph	P	new; species name from glossary s4a; every field is pixels (GFX-05: hhon@5328 is the insect box's own screen)	1	\_DATA\MZKAN1.BIN	252	188	flat white page right of the photo panel; horizontal header block over a green rule, vertical body columns below. One layout; MZKAN0 and MZKAN1 are the same 9 spreads lit for night and day, so each English page is written to both; blank the white page only
_DATA_NIKKI.BIN_NIKKI_000__000000	picture-diary page	diary entry	P	new	1	\_DATA\NIKKI.BIN\NIKKI_000	240	192	the recipe and every measurement are research/diary-redraw.md: blank the panel, erase and re-rule, typeset in the game's 12x12 glyphs; the day numeral slot stays blank because nikki_date_upload composites a tile into it
_DATA_NIKKI.BIN_NIKKI_001__000000	picture-diary page	diary entry	P	new	1	\_DATA\NIKKI.BIN\NIKKI_001	240	192	the recipe and every measurement are research/diary-redraw.md: blank the panel, erase and re-rule, typeset in the game's 12x12 glyphs; the day numeral slot stays blank because nikki_date_upload composites a tile into it
_DATA_NIKKI.BIN_NIKKI_002__000000	picture-diary page	diary entry	P	new	1	\_DATA\NIKKI.BIN\NIKKI_002	240	192	the recipe and every measurement are research/diary-redraw.md: blank the panel, erase and re-rule, typeset in the game's 12x12 glyphs; the day numeral slot stays blank because nikki_date_upload composites a tile into it
_DATA_NIKKI.BIN_NIKKI_003__000000	picture-diary page	diary entry	P	new	1	\_DATA\NIKKI.BIN\NIKKI_003	240	192	the recipe and every measurement are research/diary-redraw.md: blank the panel, erase and re-rule, typeset in the game's 12x12 glyphs; the day numeral slot stays blank because nikki_date_upload composites a tile into it
_DATA_NIKKI.BIN_NIKKI_004__000000	picture-diary page	diary entry	P	new	1	\_DATA\NIKKI.BIN\NIKKI_004	240	192	the recipe and every measurement are research/diary-redraw.md: blank the panel, erase and re-rule, typeset in the game's 12x12 glyphs; the day numeral slot stays blank because nikki_date_upload composites a tile into it
_DATA_NIKKI.BIN_NIKKI_005__000000	picture-diary page	diary entry	P	new	1	\_DATA\NIKKI.BIN\NIKKI_005	240	192	the recipe and every measurement are research/diary-redraw.md: blank the panel, erase and re-rule, typeset in the game's 12x12 glyphs; the day numeral slot stays blank because nikki_date_upload composites a tile into it
_DATA_NIKKI.BIN_NIKKI_006__000000	picture-diary page	diary entry	P	new	1	\_DATA\NIKKI.BIN\NIKKI_006	240	192	the recipe and every measurement are research/diary-redraw.md: blank the panel, erase and re-rule, typeset in the game's 12x12 glyphs; the day numeral slot stays blank because nikki_date_upload composites a tile into it
_DATA_NIKKI.BIN_NIKKI_007__000000	picture-diary page	diary entry	P	new	1	\_DATA\NIKKI.BIN\NIKKI_007	240	192	the recipe and every measurement are research/diary-redraw.md: blank the panel, erase and re-rule, typeset in the game's 12x12 glyphs; the day numeral slot stays blank because nikki_date_upload composites a tile into it
_DATA_NIKKI.BIN_NIKKI_008__000000	picture-diary page	diary entry	P	new	1	\_DATA\NIKKI.BIN\NIKKI_008	240	192	the recipe and every measurement are research/diary-redraw.md: blank the panel, erase and re-rule, typeset in the game's 12x12 glyphs; the day numeral slot stays blank because nikki_date_upload composites a tile into it
_DATA_NIKKI.BIN_NIKKI_010__000000	picture-diary page	diary entry	P	new	1	\_DATA\NIKKI.BIN\NIKKI_010	240	192	the recipe and every measurement are research/diary-redraw.md: blank the panel, erase and re-rule, typeset in the game's 12x12 glyphs; the day numeral slot stays blank because nikki_date_upload composites a tile into it
_DATA_NIKKI.BIN_NIKKI_011__000000	picture-diary page	diary entry	P	new	1	\_DATA\NIKKI.BIN\NIKKI_011	240	192	the recipe and every measurement are research/diary-redraw.md: blank the panel, erase and re-rule, typeset in the game's 12x12 glyphs; the day numeral slot stays blank because nikki_date_upload composites a tile into it
_DATA_NIKKI.BIN_NIKKI_012__000000	picture-diary page	diary entry	P	new	1	\_DATA\NIKKI.BIN\NIKKI_012	240	192	the recipe and every measurement are research/diary-redraw.md: blank the panel, erase and re-rule, typeset in the game's 12x12 glyphs; the day numeral slot stays blank because nikki_date_upload composites a tile into it
_DATA_NIKKI.BIN_NIKKI_013__000000	picture-diary page	diary entry	P	new	1	\_DATA\NIKKI.BIN\NIKKI_013	240	192	the recipe and every measurement are research/diary-redraw.md: blank the panel, erase and re-rule, typeset in the game's 12x12 glyphs; the day numeral slot stays blank because nikki_date_upload composites a tile into it
_DATA_NIKKI.BIN_NIKKI_016__000000	picture-diary page	diary entry	P	new	1	\_DATA\NIKKI.BIN\NIKKI_016	240	192	the recipe and every measurement are research/diary-redraw.md: blank the panel, erase and re-rule, typeset in the game's 12x12 glyphs; the day numeral slot stays blank because nikki_date_upload composites a tile into it
_DATA_NIKKI.BIN_NIKKI_017__000000	picture-diary page	diary entry	P	new	1	\_DATA\NIKKI.BIN\NIKKI_017	240	192	the recipe and every measurement are research/diary-redraw.md: blank the panel, erase and re-rule, typeset in the game's 12x12 glyphs; the day numeral slot stays blank because nikki_date_upload composites a tile into it
_DATA_NIKKI.BIN_NIKKI_018__000000	picture-diary page	diary entry	P	new	1	\_DATA\NIKKI.BIN\NIKKI_018	240	192	the recipe and every measurement are research/diary-redraw.md: blank the panel, erase and re-rule, typeset in the game's 12x12 glyphs; the day numeral slot stays blank because nikki_date_upload composites a tile into it
_DATA_NIKKI.BIN_NIKKI_020__000000	picture-diary page	diary entry	P	new	1	\_DATA\NIKKI.BIN\NIKKI_020	240	192	the recipe and every measurement are research/diary-redraw.md: blank the panel, erase and re-rule, typeset in the game's 12x12 glyphs; the day numeral slot stays blank because nikki_date_upload composites a tile into it
_DATA_NIKKI.BIN_NIKKI_021__000000	picture-diary page	diary entry	P	new	1	\_DATA\NIKKI.BIN\NIKKI_021	240	192	the recipe and every measurement are research/diary-redraw.md: blank the panel, erase and re-rule, typeset in the game's 12x12 glyphs; the day numeral slot stays blank because nikki_date_upload composites a tile into it
_DATA_NIKKI.BIN_NIKKI_022__000000	picture-diary page	diary entry	P	new	1	\_DATA\NIKKI.BIN\NIKKI_022	240	192	the recipe and every measurement are research/diary-redraw.md: blank the panel, erase and re-rule, typeset in the game's 12x12 glyphs; the day numeral slot stays blank because nikki_date_upload composites a tile into it
_DATA_NIKKI.BIN_NIKKI_023__000000	picture-diary page	diary entry	P	new	1	\_DATA\NIKKI.BIN\NIKKI_023	240	192	the recipe and every measurement are research/diary-redraw.md: blank the panel, erase and re-rule, typeset in the game's 12x12 glyphs; the day numeral slot stays blank because nikki_date_upload composites a tile into it
_DATA_NIKKI.BIN_NIKKI_024__000000	picture-diary page	diary entry	P	new	1	\_DATA\NIKKI.BIN\NIKKI_024	240	192	the recipe and every measurement are research/diary-redraw.md: blank the panel, erase and re-rule, typeset in the game's 12x12 glyphs; the day numeral slot stays blank because nikki_date_upload composites a tile into it
_DATA_NIKKI.BIN_NIKKI_025__000000	picture-diary page	diary entry	P	new	1	\_DATA\NIKKI.BIN\NIKKI_025	240	192	the recipe and every measurement are research/diary-redraw.md: blank the panel, erase and re-rule, typeset in the game's 12x12 glyphs; the day numeral slot stays blank because nikki_date_upload composites a tile into it
_DATA_NIKKI.BIN_NIKKI_026__000000	picture-diary page	diary entry	P	new	1	\_DATA\NIKKI.BIN\NIKKI_026	240	192	the recipe and every measurement are research/diary-redraw.md: blank the panel, erase and re-rule, typeset in the game's 12x12 glyphs; the day numeral slot stays blank because nikki_date_upload composites a tile into it
_DATA_NIKKI.BIN_NIKKI_027__000000	picture-diary page	diary entry	P	new	1	\_DATA\NIKKI.BIN\NIKKI_027	240	192	the recipe and every measurement are research/diary-redraw.md: blank the panel, erase and re-rule, typeset in the game's 12x12 glyphs; the day numeral slot stays blank because nikki_date_upload composites a tile into it
_DATA_NIKKI.BIN_NIKKI_028__000000	picture-diary page	diary entry	P	new	1	\_DATA\NIKKI.BIN\NIKKI_028	240	192	the recipe and every measurement are research/diary-redraw.md: blank the panel, erase and re-rule, typeset in the game's 12x12 glyphs; the day numeral slot stays blank because nikki_date_upload composites a tile into it
_DATA_NIKKI.BIN_NIKKI_029__000000	picture-diary page	diary entry	P	new	1	\_DATA\NIKKI.BIN\NIKKI_029	240	192	the recipe and every measurement are research/diary-redraw.md: blank the panel, erase and re-rule, typeset in the game's 12x12 glyphs; the day numeral slot stays blank because nikki_date_upload composites a tile into it
_DATA_NIKKI.BIN_NIKKI_030__000000	picture-diary page	diary entry	P	new	1	\_DATA\NIKKI.BIN\NIKKI_030	240	192	the recipe and every measurement are research/diary-redraw.md: blank the panel, erase and re-rule, typeset in the game's 12x12 glyphs; the day numeral slot stays blank because nikki_date_upload composites a tile into it
_DATA_NIKKI.BIN_NIKKI_031__000000	picture-diary page	diary entry	P	new	1	\_DATA\NIKKI.BIN\NIKKI_031	240	192	the recipe and every measurement are research/diary-redraw.md: blank the panel, erase and re-rule, typeset in the game's 12x12 glyphs; the day numeral slot stays blank because nikki_date_upload composites a tile into it
_DATA_NIKKI.BIN_NIKKI_033__000000	picture-diary page	diary entry	P	new	1	\_DATA\NIKKI.BIN\NIKKI_033	240	192	the recipe and every measurement are research/diary-redraw.md: blank the panel, erase and re-rule, typeset in the game's 12x12 glyphs; the day numeral slot stays blank because nikki_date_upload composites a tile into it
_DATA_NIKKI.BIN_NIKKI_034__000000	picture-diary page	diary entry	P	new	1	\_DATA\NIKKI.BIN\NIKKI_034	240	192	the recipe and every measurement are research/diary-redraw.md: blank the panel, erase and re-rule, typeset in the game's 12x12 glyphs; the day numeral slot stays blank because nikki_date_upload composites a tile into it
_DATA_NIKKI.BIN_NIKKI_035__000000	picture-diary page	diary entry	P	new	1	\_DATA\NIKKI.BIN\NIKKI_035	240	192	the recipe and every measurement are research/diary-redraw.md: blank the panel, erase and re-rule, typeset in the game's 12x12 glyphs; the day numeral slot stays blank because nikki_date_upload composites a tile into it
_DATA_NIKKI.BIN_NIKKI_036__000000	picture-diary page	diary entry	P	new	1	\_DATA\NIKKI.BIN\NIKKI_036	240	192	the recipe and every measurement are research/diary-redraw.md: blank the panel, erase and re-rule, typeset in the game's 12x12 glyphs; the day numeral slot stays blank because nikki_date_upload composites a tile into it
_DATA_NIKKI.BIN_NIKKI_037__000000	picture-diary page	diary entry	P	new	1	\_DATA\NIKKI.BIN\NIKKI_037	240	192	the recipe and every measurement are research/diary-redraw.md: blank the panel, erase and re-rule, typeset in the game's 12x12 glyphs; the day numeral slot stays blank because nikki_date_upload composites a tile into it
_DATA_NIKKI.BIN_NIKKI_038__000000	picture-diary page	diary entry	P	new	1	\_DATA\NIKKI.BIN\NIKKI_038	240	192	the recipe and every measurement are research/diary-redraw.md: blank the panel, erase and re-rule, typeset in the game's 12x12 glyphs; the day numeral slot stays blank because nikki_date_upload composites a tile into it
_DATA_NIKKI.BIN_NIKKI_039__000000	picture-diary page	diary entry	P	new	1	\_DATA\NIKKI.BIN\NIKKI_039	240	192	the recipe and every measurement are research/diary-redraw.md: blank the panel, erase and re-rule, typeset in the game's 12x12 glyphs; the day numeral slot stays blank because nikki_date_upload composites a tile into it
_DATA_NIKKI.BIN_NIKKI_040__000000	picture-diary page	diary entry	P	new	1	\_DATA\NIKKI.BIN\NIKKI_040	240	192	the recipe and every measurement are research/diary-redraw.md: blank the panel, erase and re-rule, typeset in the game's 12x12 glyphs; the day numeral slot stays blank because nikki_date_upload composites a tile into it
_DATA_NIKKI.BIN_NIKKI_041__000000	picture-diary page	diary entry	P	new	1	\_DATA\NIKKI.BIN\NIKKI_041	240	192	the recipe and every measurement are research/diary-redraw.md: blank the panel, erase and re-rule, typeset in the game's 12x12 glyphs; the day numeral slot stays blank because nikki_date_upload composites a tile into it
_DATA_NIKKI.BIN_NIKKI_042__000000	picture-diary page	diary entry	P	new	1	\_DATA\NIKKI.BIN\NIKKI_042	240	192	the recipe and every measurement are research/diary-redraw.md: blank the panel, erase and re-rule, typeset in the game's 12x12 glyphs; the day numeral slot stays blank because nikki_date_upload composites a tile into it
_DATA_NIKKI.BIN_NIKKI_044__000000	picture-diary page	diary entry	P	new	1	\_DATA\NIKKI.BIN\NIKKI_044	240	192	the recipe and every measurement are research/diary-redraw.md: blank the panel, erase and re-rule, typeset in the game's 12x12 glyphs; the day numeral slot stays blank because nikki_date_upload composites a tile into it
_DATA_NIKKI.BIN_NIKKI_045__000000	picture-diary page	diary entry	P	new	1	\_DATA\NIKKI.BIN\NIKKI_045	240	192	the recipe and every measurement are research/diary-redraw.md: blank the panel, erase and re-rule, typeset in the game's 12x12 glyphs; the day numeral slot stays blank because nikki_date_upload composites a tile into it
_DATA_NIKKI.BIN_NIKKI_046__000000	picture-diary page	diary entry	P	new	1	\_DATA\NIKKI.BIN\NIKKI_046	240	192	the recipe and every measurement are research/diary-redraw.md: blank the panel, erase and re-rule, typeset in the game's 12x12 glyphs; the day numeral slot stays blank because nikki_date_upload composites a tile into it
_DATA_NIKKI.BIN_NIKKI_047__000000	picture-diary page	diary entry	P	new	1	\_DATA\NIKKI.BIN\NIKKI_047	240	192	the recipe and every measurement are research/diary-redraw.md: blank the panel, erase and re-rule, typeset in the game's 12x12 glyphs; the day numeral slot stays blank because nikki_date_upload composites a tile into it
_DATA_NIKKI.BIN_NIKKI_048__000000	picture-diary page	diary entry	P	new	1	\_DATA\NIKKI.BIN\NIKKI_048	240	192	the recipe and every measurement are research/diary-redraw.md: blank the panel, erase and re-rule, typeset in the game's 12x12 glyphs; the day numeral slot stays blank because nikki_date_upload composites a tile into it
_DATA_NIKKI.BIN_NIKKI_049__000000	picture-diary page	diary entry	P	new	1	\_DATA\NIKKI.BIN\NIKKI_049	240	192	the recipe and every measurement are research/diary-redraw.md: blank the panel, erase and re-rule, typeset in the game's 12x12 glyphs; the day numeral slot stays blank because nikki_date_upload composites a tile into it
_DATA_NIKKI.BIN_NIKKI_050__000000	picture-diary page	diary entry	P	new	1	\_DATA\NIKKI.BIN\NIKKI_050	240	192	the recipe and every measurement are research/diary-redraw.md: blank the panel, erase and re-rule, typeset in the game's 12x12 glyphs; the day numeral slot stays blank because nikki_date_upload composites a tile into it
_DATA_NIKKI.BIN_NIKKI_051__000000	picture-diary page	diary entry	P	new	1	\_DATA\NIKKI.BIN\NIKKI_051	240	192	the recipe and every measurement are research/diary-redraw.md: blank the panel, erase and re-rule, typeset in the game's 12x12 glyphs; the day numeral slot stays blank because nikki_date_upload composites a tile into it
_DATA_NIKKI.BIN_NIKKI_052__000000	picture-diary page	diary entry	P	new	1	\_DATA\NIKKI.BIN\NIKKI_052	240	192	the recipe and every measurement are research/diary-redraw.md: blank the panel, erase and re-rule, typeset in the game's 12x12 glyphs; the day numeral slot stays blank because nikki_date_upload composites a tile into it
_DATA_NIKKI.BIN_NIKKI_053__000000	picture-diary page	diary entry	P	new	1	\_DATA\NIKKI.BIN\NIKKI_053	240	192	the recipe and every measurement are research/diary-redraw.md: blank the panel, erase and re-rule, typeset in the game's 12x12 glyphs; the day numeral slot stays blank because nikki_date_upload composites a tile into it
_DATA_NIKKI.BIN_NIKKI_054__000000	picture-diary page	diary entry	P	new	1	\_DATA\NIKKI.BIN\NIKKI_054	240	192	the recipe and every measurement are research/diary-redraw.md: blank the panel, erase and re-rule, typeset in the game's 12x12 glyphs; the day numeral slot stays blank because nikki_date_upload composites a tile into it
_DATA_NIKKI.BIN_NIKKI_055__000000	picture-diary page	diary entry	P	new	1	\_DATA\NIKKI.BIN\NIKKI_055	240	192	the recipe and every measurement are research/diary-redraw.md: blank the panel, erase and re-rule, typeset in the game's 12x12 glyphs; the day numeral slot stays blank because nikki_date_upload composites a tile into it
_DATA_NIKKI.BIN_NIKKI_056__000000	picture-diary page	diary entry	P	new	1	\_DATA\NIKKI.BIN\NIKKI_056	240	192	the recipe and every measurement are research/diary-redraw.md: blank the panel, erase and re-rule, typeset in the game's 12x12 glyphs; the day numeral slot stays blank because nikki_date_upload composites a tile into it
_DATA_NIKKI.BIN_NIKKI_057__000000	picture-diary page	diary entry	P	new	1	\_DATA\NIKKI.BIN\NIKKI_057	240	192	the recipe and every measurement are research/diary-redraw.md: blank the panel, erase and re-rule, typeset in the game's 12x12 glyphs; the day numeral slot stays blank because nikki_date_upload composites a tile into it
_DATA_NIKKI.BIN_NIKKI_058__000000	picture-diary page	diary entry	P	new	1	\_DATA\NIKKI.BIN\NIKKI_058	240	192	the recipe and every measurement are research/diary-redraw.md: blank the panel, erase and re-rule, typeset in the game's 12x12 glyphs; the day numeral slot stays blank because nikki_date_upload composites a tile into it
_DATA_NIKKI.BIN_NIKKI_059__000000	picture-diary page	diary entry	P	new	1	\_DATA\NIKKI.BIN\NIKKI_059	240	192	the recipe and every measurement are research/diary-redraw.md: blank the panel, erase and re-rule, typeset in the game's 12x12 glyphs; the day numeral slot stays blank because nikki_date_upload composites a tile into it
_DATA_NIKKI.BIN_NIKKI_060__000000	picture-diary page	diary entry	P	new	1	\_DATA\NIKKI.BIN\NIKKI_060	240	192	the recipe and every measurement are research/diary-redraw.md: blank the panel, erase and re-rule, typeset in the game's 12x12 glyphs; the day numeral slot stays blank because nikki_date_upload composites a tile into it
_DATA_NIKKI.BIN_NIKKI_061__000000	picture-diary page	diary entry	P	new	1	\_DATA\NIKKI.BIN\NIKKI_061	240	192	the recipe and every measurement are research/diary-redraw.md: blank the panel, erase and re-rule, typeset in the game's 12x12 glyphs; the day numeral slot stays blank because nikki_date_upload composites a tile into it
_DATA_NIKKI.BIN_NIKKI_063__000000	picture-diary page	diary entry	P	new	1	\_DATA\NIKKI.BIN\NIKKI_063	240	192	the recipe and every measurement are research/diary-redraw.md: blank the panel, erase and re-rule, typeset in the game's 12x12 glyphs; the day numeral slot stays blank because nikki_date_upload composites a tile into it
_DATA_NIKKI.BIN_NIKKI_064__000000	picture-diary page	diary entry	P	new	1	\_DATA\NIKKI.BIN\NIKKI_064	240	192	the recipe and every measurement are research/diary-redraw.md: blank the panel, erase and re-rule, typeset in the game's 12x12 glyphs; the day numeral slot stays blank because nikki_date_upload composites a tile into it
_DATA_NIKKI.BIN_NIKKI_065__000000	picture-diary page	diary entry	P	new	1	\_DATA\NIKKI.BIN\NIKKI_065	240	192	the recipe and every measurement are research/diary-redraw.md: blank the panel, erase and re-rule, typeset in the game's 12x12 glyphs; the day numeral slot stays blank because nikki_date_upload composites a tile into it
_DATA_NIKKI.BIN_NIKKI_066__000000	picture-diary page	diary entry	P	new	1	\_DATA\NIKKI.BIN\NIKKI_066	240	192	the recipe and every measurement are research/diary-redraw.md: blank the panel, erase and re-rule, typeset in the game's 12x12 glyphs; the day numeral slot stays blank because nikki_date_upload composites a tile into it
_DATA_NIKKI.BIN_NIKKI_067__000000	picture-diary page	diary entry	P	new	1	\_DATA\NIKKI.BIN\NIKKI_067	240	192	the recipe and every measurement are research/diary-redraw.md: blank the panel, erase and re-rule, typeset in the game's 12x12 glyphs; the day numeral slot stays blank because nikki_date_upload composites a tile into it
_DATA_NIKKI.BIN_NIKKI_068__000000	picture-diary page	diary entry	P	new	1	\_DATA\NIKKI.BIN\NIKKI_068	240	192	the recipe and every measurement are research/diary-redraw.md: blank the panel, erase and re-rule, typeset in the game's 12x12 glyphs; the day numeral slot stays blank because nikki_date_upload composites a tile into it
_DATA_NIKKI.BIN_NIKKI_069__000000	picture-diary page	diary entry	P	new	1	\_DATA\NIKKI.BIN\NIKKI_069	240	192	the recipe and every measurement are research/diary-redraw.md: blank the panel, erase and re-rule, typeset in the game's 12x12 glyphs; the day numeral slot stays blank because nikki_date_upload composites a tile into it
_DATA_NIKKI.BIN_NIKKI_070__000000	picture-diary page	diary entry	P	new	1	\_DATA\NIKKI.BIN\NIKKI_070	240	192	the recipe and every measurement are research/diary-redraw.md: blank the panel, erase and re-rule, typeset in the game's 12x12 glyphs; the day numeral slot stays blank because nikki_date_upload composites a tile into it
_DATA_NIKKI.BIN_NIKKI_071__000000	picture-diary page	diary entry	P	new	1	\_DATA\NIKKI.BIN\NIKKI_071	240	192	the recipe and every measurement are research/diary-redraw.md: blank the panel, erase and re-rule, typeset in the game's 12x12 glyphs; the day numeral slot stays blank because nikki_date_upload composites a tile into it
_DATA_NIKKI.BIN_NIKKI_072__000000	picture-diary page	diary entry	P	new	1	\_DATA\NIKKI.BIN\NIKKI_072	240	192	the recipe and every measurement are research/diary-redraw.md: blank the panel, erase and re-rule, typeset in the game's 12x12 glyphs; the day numeral slot stays blank because nikki_date_upload composites a tile into it
_DATA_NIKKI.BIN_NIKKI_073__000000	picture-diary page	diary entry	P	new	1	\_DATA\NIKKI.BIN\NIKKI_073	240	192	the recipe and every measurement are research/diary-redraw.md: blank the panel, erase and re-rule, typeset in the game's 12x12 glyphs; the day numeral slot stays blank because nikki_date_upload composites a tile into it
_DATA_NIKKI.BIN_NIKKI_074__000000	picture-diary page	diary entry	P	new	1	\_DATA\NIKKI.BIN\NIKKI_074	240	192	the recipe and every measurement are research/diary-redraw.md: blank the panel, erase and re-rule, typeset in the game's 12x12 glyphs; the day numeral slot stays blank because nikki_date_upload composites a tile into it
_DATA_NIKKI.BIN_NIKKI_075__000000	picture-diary page	diary entry	P	new	1	\_DATA\NIKKI.BIN\NIKKI_075	240	192	the recipe and every measurement are research/diary-redraw.md: blank the panel, erase and re-rule, typeset in the game's 12x12 glyphs; the day numeral slot stays blank because nikki_date_upload composites a tile into it
_DATA_NIKKI.BIN_NIKKI_076__000000	picture-diary page	diary entry	P	new	1	\_DATA\NIKKI.BIN\NIKKI_076	240	192	the recipe and every measurement are research/diary-redraw.md: blank the panel, erase and re-rule, typeset in the game's 12x12 glyphs; the day numeral slot stays blank because nikki_date_upload composites a tile into it
_DATA_NIKKI.BIN_NIKKI_077__000000	picture-diary page	diary entry	P	new	1	\_DATA\NIKKI.BIN\NIKKI_077	240	192	the recipe and every measurement are research/diary-redraw.md: blank the panel, erase and re-rule, typeset in the game's 12x12 glyphs; the day numeral slot stays blank because nikki_date_upload composites a tile into it
_DATA_NIKKI.BIN_NIKKI_078__000000	picture-diary page	diary entry	P	new	1	\_DATA\NIKKI.BIN\NIKKI_078	240	192	the recipe and every measurement are research/diary-redraw.md: blank the panel, erase and re-rule, typeset in the game's 12x12 glyphs; the day numeral slot stays blank because nikki_date_upload composites a tile into it
_DATA_NIKKI.BIN_NIKKI_079__000000	picture-diary page	diary entry	P	new	1	\_DATA\NIKKI.BIN\NIKKI_079	240	192	the recipe and every measurement are research/diary-redraw.md: blank the panel, erase and re-rule, typeset in the game's 12x12 glyphs; the day numeral slot stays blank because nikki_date_upload composites a tile into it
_DATA_NIKKI.BIN_NIKKI_080__000000	picture-diary page	diary entry	P	new	1	\_DATA\NIKKI.BIN\NIKKI_080	240	192	the recipe and every measurement are research/diary-redraw.md: blank the panel, erase and re-rule, typeset in the game's 12x12 glyphs; the day numeral slot stays blank because nikki_date_upload composites a tile into it
_DATA_NIKKI.BIN_NIKKI_081__000000	picture-diary page	diary entry	P	new	1	\_DATA\NIKKI.BIN\NIKKI_081	240	192	the recipe and every measurement are research/diary-redraw.md: blank the panel, erase and re-rule, typeset in the game's 12x12 glyphs; the day numeral slot stays blank because nikki_date_upload composites a tile into it
_DATA_NIKKI.BIN_NIKKI_082__000000	picture-diary page	diary entry	P	new	1	\_DATA\NIKKI.BIN\NIKKI_082	240	192	the recipe and every measurement are research/diary-redraw.md: blank the panel, erase and re-rule, typeset in the game's 12x12 glyphs; the day numeral slot stays blank because nikki_date_upload composites a tile into it
_DATA_NIKKI.BIN_NIKKI_083__000000	picture-diary page	diary entry	P	new	1	\_DATA\NIKKI.BIN\NIKKI_083	240	192	the recipe and every measurement are research/diary-redraw.md: blank the panel, erase and re-rule, typeset in the game's 12x12 glyphs; the day numeral slot stays blank because nikki_date_upload composites a tile into it
_DATA_NIKKI.BIN_NIKKI_084__000000	picture-diary page	diary entry	P	new	1	\_DATA\NIKKI.BIN\NIKKI_084	240	192	the recipe and every measurement are research/diary-redraw.md: blank the panel, erase and re-rule, typeset in the game's 12x12 glyphs; the day numeral slot stays blank because nikki_date_upload composites a tile into it
_DATA_NIKKI.BIN_NIKKI_085__000000	picture-diary page	diary entry	P	new	1	\_DATA\NIKKI.BIN\NIKKI_085	240	192	the recipe and every measurement are research/diary-redraw.md: blank the panel, erase and re-rule, typeset in the game's 12x12 glyphs; the day numeral slot stays blank because nikki_date_upload composites a tile into it
_DATA_NIKKI.BIN_NIKKI_086__000000	picture-diary page	diary entry	P	new	1	\_DATA\NIKKI.BIN\NIKKI_086	240	192	the recipe and every measurement are research/diary-redraw.md: blank the panel, erase and re-rule, typeset in the game's 12x12 glyphs; the day numeral slot stays blank because nikki_date_upload composites a tile into it
_DATA_NIKKI.BIN_NIKKI_087__000000	picture-diary page	diary entry	P	new	1	\_DATA\NIKKI.BIN\NIKKI_087	240	192	the recipe and every measurement are research/diary-redraw.md: blank the panel, erase and re-rule, typeset in the game's 12x12 glyphs; the day numeral slot stays blank because nikki_date_upload composites a tile into it
_DATA_NIKKI.BIN_NIKKI_088__000000	picture-diary page	diary entry	P	new	1	\_DATA\NIKKI.BIN\NIKKI_088	240	192	the recipe and every measurement are research/diary-redraw.md: blank the panel, erase and re-rule, typeset in the game's 12x12 glyphs; the day numeral slot stays blank because nikki_date_upload composites a tile into it
_DATA_NIKKI.BIN_NIKKI_089__000000	picture-diary page	diary entry	P	new	1	\_DATA\NIKKI.BIN\NIKKI_089	240	192	the recipe and every measurement are research/diary-redraw.md: blank the panel, erase and re-rule, typeset in the game's 12x12 glyphs; the day numeral slot stays blank because nikki_date_upload composites a tile into it
_DATA_NIKKI.BIN_NIKKI_090__000000	picture-diary page	diary entry	P	new	1	\_DATA\NIKKI.BIN\NIKKI_090	240	192	the recipe and every measurement are research/diary-redraw.md: blank the panel, erase and re-rule, typeset in the game's 12x12 glyphs; the day numeral slot stays blank because nikki_date_upload composites a tile into it
_DATA_NIKKI.BIN_NIKKI_091__000000	picture-diary page	diary entry	P	new	1	\_DATA\NIKKI.BIN\NIKKI_091	240	192	the recipe and every measurement are research/diary-redraw.md: blank the panel, erase and re-rule, typeset in the game's 12x12 glyphs; the day numeral slot stays blank because nikki_date_upload composites a tile into it
_DATA_NIKKI.BIN_NIKKI_092__000000	picture-diary page	diary entry	P	new	1	\_DATA\NIKKI.BIN\NIKKI_092	240	192	the recipe and every measurement are research/diary-redraw.md: blank the panel, erase and re-rule, typeset in the game's 12x12 glyphs; the day numeral slot stays blank because nikki_date_upload composites a tile into it
_DATA_NIKKI.BIN_NIKKI_093__000000	picture-diary page	diary entry	P	new	1	\_DATA\NIKKI.BIN\NIKKI_093	240	192	the recipe and every measurement are research/diary-redraw.md: blank the panel, erase and re-rule, typeset in the game's 12x12 glyphs; the day numeral slot stays blank because nikki_date_upload composites a tile into it
_DATA_NIKKI.BIN_NIKKI_094__000000	picture-diary page	diary entry	P	new	1	\_DATA\NIKKI.BIN\NIKKI_094	240	192	the recipe and every measurement are research/diary-redraw.md: blank the panel, erase and re-rule, typeset in the game's 12x12 glyphs; the day numeral slot stays blank because nikki_date_upload composites a tile into it
_DATA_NIKKI.BIN_NIKKI_095__000000	picture-diary page	diary entry	P	new	1	\_DATA\NIKKI.BIN\NIKKI_095	240	192	the recipe and every measurement are research/diary-redraw.md: blank the panel, erase and re-rule, typeset in the game's 12x12 glyphs; the day numeral slot stays blank because nikki_date_upload composites a tile into it
_DATA_NIKKI.BIN_NIKKI_096__000000	picture-diary page	diary entry	P	new	1	\_DATA\NIKKI.BIN\NIKKI_096	240	192	the recipe and every measurement are research/diary-redraw.md: blank the panel, erase and re-rule, typeset in the game's 12x12 glyphs; the day numeral slot stays blank because nikki_date_upload composites a tile into it
_DATA_NIKKI.BIN_NIKKI_097__000000	picture-diary page	diary entry	P	new	1	\_DATA\NIKKI.BIN\NIKKI_097	240	192	the recipe and every measurement are research/diary-redraw.md: blank the panel, erase and re-rule, typeset in the game's 12x12 glyphs; the day numeral slot stays blank because nikki_date_upload composites a tile into it
_DATA_NIKKI.BIN_NIKKI_098__000000	picture-diary page	diary entry	P	new	1	\_DATA\NIKKI.BIN\NIKKI_098	240	192	the recipe and every measurement are research/diary-redraw.md: blank the panel, erase and re-rule, typeset in the game's 12x12 glyphs; the day numeral slot stays blank because nikki_date_upload composites a tile into it
_DATA_NIKKI.BIN_NIKKI_099__000000	picture-diary page	diary entry	P	new	1	\_DATA\NIKKI.BIN\NIKKI_099	240	192	the recipe and every measurement are research/diary-redraw.md: blank the panel, erase and re-rule, typeset in the game's 12x12 glyphs; the day numeral slot stays blank because nikki_date_upload composites a tile into it
_DATA_NIKKI.BIN_NIKKI_100__000000	picture-diary page	diary entry	P	new	1	\_DATA\NIKKI.BIN\NIKKI_100	240	192	the recipe and every measurement are research/diary-redraw.md: blank the panel, erase and re-rule, typeset in the game's 12x12 glyphs; the day numeral slot stays blank because nikki_date_upload composites a tile into it
_DATA_TZKAN.BIN__000044	insect/fish/item book	kite spread: name + difficulty bracket + how to build it	P	new; kite name is a glossary term	1	\_DATA\TZKAN.BIN	244	186	flat cream page right of the painted kite panel; vertical columns. One layout, 8 pages
_DATA_TZKAN.BIN__00b3ac	insect/fish/item book	kite spread: name + difficulty bracket + how to build it	P	new; kite name is a glossary term	1	\_DATA\TZKAN.BIN	244	186	flat cream page right of the painted kite panel; vertical columns. One layout, 8 pages
_DATA_TZKAN.BIN__016714	insect/fish/item book	kite spread: name + difficulty bracket + how to build it	P	new; kite name is a glossary term	1	\_DATA\TZKAN.BIN	244	186	flat cream page right of the painted kite panel; vertical columns. One layout, 8 pages
_DATA_TZKAN.BIN__021a7c	insect/fish/item book	kite spread: name + difficulty bracket + how to build it	P	new; kite name is a glossary term	1	\_DATA\TZKAN.BIN	244	186	flat cream page right of the painted kite panel; vertical columns. One layout, 8 pages
_DATA_TZKAN.BIN__02cde4	insect/fish/item book	kite spread: name + difficulty bracket + how to build it	P	new; kite name is a glossary term	1	\_DATA\TZKAN.BIN	244	186	flat cream page right of the painted kite panel; vertical columns. One layout, 8 pages
_DATA_TZKAN.BIN__03814c	insect/fish/item book	kite spread: name + difficulty bracket + how to build it	P	new; kite name is a glossary term	1	\_DATA\TZKAN.BIN	244	186	flat cream page right of the painted kite panel; vertical columns. One layout, 8 pages
_DATA_TZKAN.BIN__0434b4	insect/fish/item book	kite spread: name + difficulty bracket + how to build it	P	new; kite name is a glossary term	1	\_DATA\TZKAN.BIN	244	186	flat cream page right of the painted kite panel; vertical columns. One layout, 8 pages
_DATA_TZKAN.BIN__04e81c	insect/fish/item book	kite spread: name + difficulty bracket + how to build it	P	new; kite name is a glossary term	1	\_DATA\TZKAN.BIN	244	186	flat cream page right of the painted kite panel; vertical columns. One layout, 8 pages
_DATA_PK_ITM.BIN__00006c	insect/fish/item book	radio-exercise attendance card: title + footer line	P	new (2 lines)	2	\_DATA\PK_ITM.BIN;\_DATA\SBP01.TIM	112	150	flat frontal card, blue print on white, 31 numbered boxes are numerals
_DATA_PK_ITM.BIN__00442c	signage or label	food packaging	N	-	2	\_DATA\PK_ITM.BIN;\_DATA\SBP02.TIM	128	88	a few kana on a wrapper at ~6 px; packaging is packaging (charter)
_DATA_PK_ITM.BIN__00ce8c	signage or label	food packaging	N	-	2	\_DATA\PK_ITM.BIN;\_DATA\SBP05.TIM	128	88	a few kana on a wrapper at ~6 px; packaging is packaging (charter)
_DATA_PK_ITM.BIN__012acc	insect/fish/item book	embossed book title	N	-	2	\_DATA\PK_ITM.BIN;\_DATA\SBP07.TIM	128	88	census maybe RESOLVED: an old book's embossed spine title, unresolvable at any CLUT and never read by the player; prop art
_DATA_MITIM.BIN__000000	title/menu/UI art	insect-catch result badges: a 'rare' starburst, size crowns, male/female marks	R	new (~4 words); BIG! is already Latin	1	\_DATA\MITIM.BIN	64	160	stylised badge lettering on a transparent 4bpp sheet, 10 CLUTs
_DATA_OTI00.BIN__0261f4	credits	publisher production/copyright credit	P	new (2 lines)	5	\_DATA\OTI00.BIN;\_DATA\OTI01.BIN;\_DATA\OTI02.BIN;\_DATA\OTI03.BIN;\_DATA\OTI04.BIN	276	33	the last card ENDOTI shows, one copy per ending; a still, so P by Jay's ruling (2026-09-23); cleared to transparent and the English set in the game's glyphs (research/texture-recipes.md OTI0n)
_DATA_TZICON.BIN__00006c	title/menu/UI art	kite-workshop UI: 'make it' speech balloon, confirm, back button	P	new (3 short strings)	1	\_DATA\TZICON.BIN	48	168	flat transparent buttons
_DATA_NIKKI_W.BIN__005450	title/menu/UI art	none	N	-	1	\_DATA\NIKKI_W.BIN	28	184	census maybe RESOLVED at CLUT 2: the 'oval tag with three glyphs' is two pencils marked H and HB. Pull cord, star, wreath, mushroom, pencils -- no Japanese
_DATA_MZKAN.BIN__000048	title/menu/UI art	'back' plaque and two small action plates	R	new (3 short strings)	1	\_DATA\MZKAN.BIN	44	74	census maybe RESOLVED at CLUT 1: a 44x74 sprite set whose 'back' is brush-lettered on a stone plaque, not plain type
